/*SCRIPTS REVISADOS E FUNCIONAIS ÚLTIMA REVISaO 30/04/2024*/

/*Insercao de dados tbcliente*/
INSERT INTO
    `tbcliente` (
        `cod_cliente`,
        `nome_cliente`,
        `cpf_cliente`,
        `data_cadastro_cliente`,
        `cidade_cliente`,
        `uf_cliente`
    )
VALUES (
        1,
        "Cade Cline",
        "32726493231",
        "2017-11-24 00:53:21",
        "Pelotas",
        "RS"
    ),
    (
        2,
        "Nissim L. Delaney",
        "62025244367",
        "2017-05-06 08:09:15",
        "Diadema",
        "SP"
    ),
    (
        3,
        "Leo Copeland",
        "72189394756",
        "2017-07-08 08:02:57",
        "Santa Rita",
        "PB"
    ),
    (
        4,
        "Andrew Daniel",
        "20154942599",
        "2017-09-03 08:40:47",
        "Itabuna",
        "BA"
    ),
    (
        5,
        "Tashya Conrad",
        "12601956870",
        "2018-02-25 06:01:15",
        "Parauapebas",
        "PA"
    ),
    (
        6,
        "Benedict Landry",
        "90938434809",
        "2017-04-05 14:17:11",
        "Santa Rita",
        "PB"
    ),
    (
        7,
        "Mannix F. Finley",
        "61584014347",
        "2018-12-05 19:56:04",
        "Guarapuava",
        "PR"
    ),
    (
        8,
        "Marsden B. Sharpe",
        "79458083818",
        "2018-10-30 00:07:17",
        "Maringa",
        "PR"
    ),
    (
        9,
        "Blythe B. Nolan",
        "56572589542",
        "2018-05-25 05:45:59",
        "Rio Verde",
        "GO"
    ),
    (
        10,
        "Edan R. Gillespie",
        "62858295547",
        "2017-08-20 10:39:24",
        "Rio Verde",
        "GO"
    ),
    (
        11,
        "Ronan H. Clayton",
        "41409155644",
        "2019-02-10 15:36:10",
        "Maranguape",
        "CE"
    ),
    (
        12,
        "Wade P. Mcmahon",
        "24529317422",
        "2018-06-03 19:42:20",
        "Sao Goncalo",
        "RJ"
    ),
    (
        13,
        "Orlando E. Owen",
        "59295425914",
        "2018-04-22 03:54:20",
        "Santa Maria",
        "RS"
    ),
    (
        14,
        "TaShya Guerrero",
        "51622780727",
        "2017-03-14 20:23:33",
        "Diadema",
        "SP"
    ),
    (
        15,
        "Dillon Mckenzie",
        "32910768760",
        "2017-12-04 01:55:04",
        "Carapicuiba",
        "SP"
    ),
    (
        16,
        "Leila Rosales",
        "98325126389",
        "2018-06-05 05:27:34",
        "Carapicuiba",
        "SP"
    ),
    (
        17,
        "Jolene Morse",
        "42729380317",
        "2018-03-12 23:46:42",
        "Codo",
        "MA"
    ),
    (
        18,
        "Melanie Osborn",
        "33898922731",
        "2018-08-10 12:54:38",
        "Nova Iguacu",
        "RJ"
    ),
    (
        19,
        "Hedley Buchanan",
        "13499232314",
        "2017-07-01 18:41:47",
        "Barra do Corda",
        "MA"
    ),
    (
        20,
        "Richard Byrd",
        "10394664855",
        "2018-10-21 00:51:54",
        "Paulista",
        "PE"
    ),
    (
        21,
        "Perry C. Holden",
        "20138187015",
        "2018-04-01 18:02:33",
        "Guarulhos",
        "SP"
    ),
    (
        22,
        "Jacob Harrell",
        "51158053254",
        "2018-01-11 00:19:28",
        "Londrina",
        "PR"
    ),
    (
        23,
        "Cullen Roth",
        "32942252858",
        "2018-04-08 15:43:46",
        "Maua",
        "SP"
    ),
    (
        24,
        "Phelan Bruce",
        "30888581194",
        "2017-05-08 13:47:48",
        "Anapolis",
        "GO"
    ),
    (
        25,
        "Quon U. Wiggins",
        "17163779102",
        "2017-08-31 14:15:07",
        "Mogi das Cruzes",
        "SP"
    ),
    (
        26,
        "Cadman Price",
        "07615114976",
        "2019-02-12 00:18:51",
        "Patos",
        "PB"
    ),
    (
        27,
        "Sigourney Petty",
        "23346267728",
        "2017-12-30 07:10:29",
        "Santarem",
        "PA"
    ),
    (
        28,
        "Rosalyn Rutledge",
        "14390152803",
        "2018-10-10 06:30:31",
        "Carapicuiba",
        "SP"
    ),
    (
        29,
        "Caldwell E. Bernard",
        "63079422184",
        "2017-05-19 01:08:39",
        "Caxias do Sul",
        "RS"
    ),
    (
        30,
        "Hiroko L. England",
        "37460272597",
        "2017-08-21 04:18:10",
        "Salvador",
        "BA"
    ),
    (
        31,
        "Rosalyn Walker",
        "04647149712",
        "2018-11-20 05:42:20",
        "Sao Joao de Meriti",
        "RJ"
    ),
    (
        32,
        "Venus B. Caldwell",
        "64867763812",
        "2017-04-04 07:13:16",
        "Goiania",
        "GO"
    ),
    (
        33,
        "Lana Garner",
        "33984206925",
        "2018-09-03 14:17:34",
        "Chapadinha",
        "MA"
    ),
    (
        34,
        "Lavinia Levy",
        "20227392744",
        "2017-11-29 06:49:52",
        "Lauro de Freitas",
        "BA"
    ),
    (
        35,
        "Finn F. Wilkinson",
        "54209178262",
        "2018-02-28 06:41:57",
        "Ribeirao das Neves",
        "MG"
    ),
    (
        36,
        "Calvin N. Sears",
        "82103512601",
        "2017-12-17 02:10:19",
        "Jundiai",
        "SP"
    ),
    (
        37,
        "Barbara C. Jacobson",
        "50943417962",
        "2019-01-24 04:07:36",
        "Paco do Lumiar",
        "MA"
    ),
    (
        38,
        "Maggie Romero",
        "80144961575",
        "2018-09-18 04:37:50",
        "Niteroi",
        "RJ"
    ),
    (
        39,
        "Inez Mccullough",
        "97933107582",
        "2018-06-09 09:33:06",
        "Carapicuiba",
        "SP"
    ),
    (
        40,
        "Stella Buckner",
        "11311566854",
        "2017-06-11 17:12:21",
        "Juiz de Fora",
        "MG"
    ),
    (
        41,
        "Isaiah Bridges",
        "92824705608",
        "2017-08-14 05:13:00",
        "Chapeco",
        "SC"
    ),
    (
        42,
        "Alyssa Bender",
        "50613656253",
        "2017-12-03 20:52:58",
        "Castanhal",
        "PA"
    ),
    (
        43,
        "Cullen Puckett",
        "43203511007",
        "2018-07-03 18:24:08",
        "Olinda",
        "PE"
    ),
    (
        44,
        "Cameron Haley",
        "08655758722",
        "2017-05-09 21:11:19",
        "Itabuna",
        "BA"
    ),
    (
        45,
        "Jasper Shields",
        "24945176656",
        "2017-10-06 02:45:58",
        "Jaboatao dos Guararapes",
        "PE"
    ),
    (
        46,
        "Prescott Byrd",
        "53965276282",
        "2017-11-25 06:02:59",
        "Guarulhos",
        "SP"
    ),
    (
        47,
        "Jocelyn A. Medina",
        "79084752385",
        "2017-12-19 15:21:46",
        "Petropolis",
        "RJ"
    ),
    (
        48,
        "Hayley Wiley",
        "78604235032",
        "2017-12-25 09:11:52",
        "Camacari",
        "BA"
    ),
    (
        49,
        "Mercedes B. Maxwell",
        "78290657253",
        "2018-05-24 13:05:06",
        "Itabuna",
        "BA"
    ),
    (
        50,
        "Hedley K. Solomon",
        "59166090927",
        "2017-11-10 20:18:45",
        "Piracicaba",
        "SP"
    ),
    (
        51,
        "Fatima Waters",
        "76872280478",
        "2017-08-04 07:06:09",
        "Ribeirao Preto",
        "SP"
    ),
    (
        52,
        "Lee P. Medina",
        "07173547783",
        "2018-01-19 23:00:31",
        "Mogi das Cruzes",
        "SP"
    ),
    (
        53,
        "Rhoda W. Leach",
        "07034218186",
        "2017-09-08 02:25:25",
        "Guarulhos",
        "SP"
    ),
    (
        54,
        "Dara F. Lawrence",
        "52738502701",
        "2017-05-20 18:05:55",
        "Caruaru",
        "PE"
    ),
    (
        55,
        "Hedwig Forbes",
        "28757930176",
        "2019-02-08 09:38:41",
        "Juazeiro",
        "BA"
    ),
    (
        56,
        "Lionel G. Ruiz",
        "06908153974",
        "2017-11-25 13:39:02",
        "Maua",
        "SP"
    ),
    (
        57,
        "Rylee F. Rogers",
        "19429707750",
        "2018-01-30 01:55:43",
        "Betim",
        "MG"
    ),
    (
        58,
        "Quinn Stephenson",
        "55304753403",
        "2018-06-30 00:19:02",
        "Sete Lagoas",
        "MG"
    ),
    (
        59,
        "Ursa O. Moreno",
        "53737783249",
        "2017-07-28 21:34:02",
        "Goiania",
        "GO"
    ),
    (
        60,
        "Sade K. Wallace",
        "45983983714",
        "2017-07-31 22:36:25",
        "Juazeiro",
        "BA"
    ),
    (
        61,
        "Ella Gentry",
        "30465515351",
        "2017-12-11 12:22:15",
        "Porto Alegre",
        "RS"
    ),
    (
        62,
        "Hayley Y. Vance",
        "23667526068",
        "2017-09-03 22:38:30",
        "Jundiai",
        "SP"
    ),
    (
        63,
        "Nevada V. Waller",
        "34298547205",
        "2018-06-23 23:53:25",
        "Recife",
        "PE"
    ),
    (
        64,
        "Jonah Z. Miller",
        "40499337828",
        "2018-09-25 21:04:11",
        "Campos dos Goytacazes",
        "RJ"
    ),
    (
        65,
        "Vernon Morrow",
        "81686867024",
        "2018-07-04 16:52:26",
        "Nova Iguacu",
        "RJ"
    ),
    (
        66,
        "Amir Guthrie",
        "54014251447",
        "2018-09-24 18:35:24",
        "Codo",
        "MA"
    ),
    (
        67,
        "Anastasia Pacheco",
        "62806385143",
        "2018-08-12 02:52:28",
        "Diadema",
        "SP"
    ),
    (
        68,
        "Sylvia Carroll",
        "64327563313",
        "2018-08-07 09:49:27",
        "Vitoria da Conquista",
        "BA"
    ),
    (
        69,
        "Noble Meadows",
        "20772239374",
        "2017-11-07 06:47:01",
        "Ribeirao Preto",
        "SP"
    ),
    (
        70,
        "Maisie Bowers",
        "43215120171",
        "2017-08-24 16:56:00",
        "Gravatai",
        "RS"
    ),
    (
        71,
        "Reagan Q. Drake",
        "54248537412",
        "2018-11-05 13:21:51",
        "Petrolina",
        "PE"
    ),
    (
        72,
        "Neil Love",
        "89426775949",
        "2019-01-17 03:33:44",
        "Sete Lagoas",
        "MG"
    ),
    (
        73,
        "Maisie Hoffman",
        "96995921599",
        "2017-09-26 09:27:02",
        "Curitiba",
        "PR"
    ),
    (
        74,
        "Alexandra Cardenas",
        "41463489619",
        "2017-06-22 17:01:27",
        "Campos dos Goytacazes",
        "RJ"
    ),
    (
        75,
        "Kareem Jacobson",
        "59541302691",
        "2018-06-09 10:28:58",
        "Patos",
        "PB"
    ),
    (
        76,
        "Xenos F. Farley",
        "88747698279",
        "2019-03-08 03:05:14",
        "Piracicaba",
        "SP"
    ),
    (
        77,
        "Marsden I. Long",
        "80063502007",
        "2017-07-14 11:27:38",
        "Sao Goncalo",
        "RJ"
    ),
    (
        78,
        "Cairo Ramsey",
        "59592456894",
        "2017-07-17 06:30:55",
        "Maua",
        "SP"
    ),
    (
        79,
        "Kirk Manning",
        "74370436267",
        "2018-05-16 06:47:48",
        "Ribeirao Preto",
        "SP"
    ),
    (
        80,
        "Madeson B. Herring",
        "15890074574",
        "2018-09-03 07:41:59",
        "Caruaru",
        "PE"
    ),
    (
        81,
        "Kylan Z. Tyson",
        "25794824287",
        "2017-07-07 10:43:55",
        "Petrolina",
        "PE"
    ),
    (
        82,
        "Wyoming Z. Walker",
        "35393430355",
        "2018-12-04 01:23:08",
        "Jaboatao dos Guararapes",
        "PE"
    ),
    (
        83,
        "Indigo K. Wooten",
        "76648582260",
        "2018-05-09 22:04:35",
        "Santa Luzia",
        "MG"
    ),
    (
        84,
        "Jakeem B. Barrera",
        "71532707726",
        "2018-04-04 12:34:25",
        "Campos dos Goytacazes",
        "RJ"
    ),
    (
        85,
        "Buckminster Moran",
        "61245935676",
        "2019-02-10 01:09:03",
        "Ilheus",
        "BA"
    ),
    (
        86,
        "Sacha Cross",
        "32564007794",
        "2019-01-07 12:20:09",
        "Piracicaba",
        "SP"
    ),
    (
        87,
        "Benjamin Hill",
        "77635652781",
        "2018-02-21 14:11:36",
        "Itabuna",
        "BA"
    ),
    (
        88,
        "Lacota Wall",
        "80970151103",
        "2018-05-13 12:33:22",
        "Rio Verde",
        "GO"
    ),
    (
        89,
        "Irene Mendoza",
        "60669773671",
        "2017-03-19 01:39:19",
        "Camaragibe",
        "PE"
    ),
    (
        90,
        "Brendan Caldwell",
        "81861828927",
        "2017-05-30 11:36:48",
        "Recife",
        "PE"
    ),
    (
        91,
        "Imani L. Douglas",
        "77075141514",
        "2018-05-18 02:00:56",
        "Colombo",
        "PR"
    ),
    (
        92,
        "Gail W. Nunez",
        "93882839132",
        "2018-11-15 04:47:44",
        "Ponta Grossa",
        "PR"
    ),
    (
        93,
        "Raymond Trujillo",
        "19622579744",
        "2018-05-05 20:39:15",
        "Caruaru",
        "PE"
    ),
    (
        94,
        "Brianna W. Stewart",
        "67127466394",
        "2018-06-07 05:58:13",
        "Divinopolis",
        "MG"
    ),
    (
        95,
        "Barry Sherman",
        "12572968534",
        "2017-06-24 02:33:32",
        "Cajazeiras",
        "PB"
    ),
    (
        96,
        "Grady Salazar",
        "29434897651",
        "2018-11-26 05:37:21",
        "Osasco",
        "SP"
    ),
    (
        97,
        "Chantale Castaneda",
        "00412191879",
        "2018-02-22 18:59:56",
        "Diadema",
        "SP"
    ),
    (
        98,
        "Samson Avery",
        "99925848318",
        "2019-03-10 16:33:32",
        "Recife",
        "PE"
    ),
    (
        99,
        "Quinlan Brennan",
        "41530444910",
        "2017-07-30 21:35:40",
        "Acailandia",
        "MA"
    ),
    (
        100,
        "Ross D. Price",
        "25653648464",
        "2019-02-05 07:07:48",
        "Belford Roxo",
        "RJ"
    );

/*Insercao de dados tbcategoria*/
INSERT INTO
    `tbcategoria` (
        `cod_categoria`,
        `nome_categoria`
    )
VALUES (1, "Terror"),
    (2, "Acao"),
    (3, "Suspense"),
    (4, "Comedia"),
    (5, "Drama");

/*Insercao de dados tbclasse*/
INSERT INTO
    `tbclasse` (
        `cod_classe`,
        `nome_classe`,
        `preco_classe`
    )
VALUES (1, "Lancamento", 10),
    (2, "Catalogo", 5);

/*Insercao de dados tbTitulo*/
INSERT INTO
    `tbtitulo` (
        `cod_titulo`,
        `nome_titulo`,
        `ano_titulo`,
        `cod_categoria`,
        `cod_classe`
    )
VALUES (
        1,
        "eu, ligula. Aenean",
        2014,
        4,
        1
    ),
    (
        2,
        "Aenean sed pede",
        2011,
        4,
        2
    ),
    (
        3,
        "at auctor ullamcorper,",
        2014,
        3,
        1
    ),
    (
        4,
        "molestie arcu. Sed",
        2012,
        3,
        1
    ),
    (5, "dolor", 2016, 2, 2),
    (6, "Curabitur", 2015, 4, 2),
    (7, "a,", 2012, 5, 2),
    (
        8,
        "convallis est,",
        2010,
        4,
        2
    ),
    (
        9,
        "at pretium aliquet,",
        2017,
        1,
        2
    ),
    (10, "Nunc sed", 2016, 2, 1),
    (11, "dolor", 2014, 3, 2),
    (
        12,
        "consectetuer adipiscing elit.",
        2014,
        5,
        2
    ),
    (13, "mi", 2018, 2, 2),
    (14, "Fusce", 2011, 4, 2),
    (
        15,
        "in magna. Phasellus",
        2017,
        4,
        2
    ),
    (
        16,
        "massa. Suspendisse eleifend.",
        2010,
        3,
        1
    ),
    (17, "lectus", 2010, 2, 2),
    (18, "Sed id", 2016, 3, 2),
    (19, "arcu", 2016, 2, 1),
    (
        20,
        "suscipit, est",
        2014,
        5,
        2
    ),
    (
        21,
        "egestas nunc sed",
        2018,
        3,
        2
    ),
    (22, "est.", 2018, 5, 2),
    (23, "eget metus", 2010, 5, 2),
    (24, "Sed eu", 2016, 5, 2),
    (
        25,
        "sit amet, dapibus",
        2013,
        3,
        1
    ),
    (26, "sed", 2018, 2, 1),
    (
        27,
        "ut, pellentesque eget,",
        2012,
        5,
        1
    ),
    (
        28,
        "Pellentesque habitant",
        2016,
        3,
        1
    ),
    (
        29,
        "Aliquam erat volutpat.",
        2018,
        3,
        2
    ),
    (30, "lorem", 2013, 4, 1),
    (
        31,
        "nibh. Quisque",
        2018,
        2,
        1
    ),
    (
        32,
        "gravida. Praesent eu",
        2012,
        1,
        1
    ),
    (
        33,
        "at lacus. Quisque",
        2011,
        1,
        2
    ),
    (
        34,
        "odio. Etiam ligula",
        2013,
        4,
        2
    ),
    (
        35,
        "adipiscing lobortis risus.",
        2017,
        1,
        1
    ),
    (36, "sem egestas", 2012, 5, 1),
    (37, "ac", 2016, 1, 2),
    (38, "lectus, a", 2014, 3, 1),
    (39, "adipiscing.", 2014, 1, 2),
    (40, "lectus", 2017, 3, 2),
    (
        41,
        "parturient montes, nascetur",
        2013,
        3,
        1
    ),
    (
        42,
        "egestas. Aliquam fringilla",
        2011,
        4,
        2
    ),
    (
        43,
        "volutpat. Nulla",
        2016,
        4,
        1
    ),
    (
        44,
        "posuere vulputate,",
        2011,
        2,
        2
    ),
    (45, "ad", 2017, 1, 1),
    (46, "Quisque", 2018, 1, 1),
    (
        47,
        "gravida nunc",
        2011,
        2,
        2
    ),
    (
        48,
        "pede, nonummy",
        2014,
        4,
        2
    ),
    (
        49,
        "arcu. Vestibulum",
        2013,
        1,
        2
    ),
    (50, "magnis dis", 2016, 4, 1),
    (
        51,
        "vestibulum massa rutrum",
        2011,
        4,
        2
    ),
    (52, "nunc", 2015, 4, 1),
    (
        53,
        "morbi tristique",
        2011,
        3,
        1
    ),
    (
        54,
        "pharetra ut, pharetra",
        2018,
        4,
        1
    ),
    (
        55,
        "eros non enim",
        2015,
        3,
        2
    ),
    (
        56,
        "amet, consectetuer adipiscing",
        2018,
        5,
        1
    ),
    (
        57,
        "id, ante. Nunc",
        2012,
        5,
        1
    ),
    (
        58,
        "facilisis, magna",
        2014,
        2,
        2
    ),
    (
        59,
        "sagittis felis.",
        2015,
        3,
        1
    ),
    (
        60,
        "semper auctor. Mauris",
        2016,
        4,
        2
    ),
    (61, "eget,", 2013, 4, 1),
    (62, "nec tellus.", 2010, 3, 2),
    (
        63,
        "Nulla tincidunt, neque",
        2016,
        3,
        1
    ),
    (64, "eros.", 2017, 4, 1),
    (65, "lectus", 2018, 2, 1),
    (66, "quam,", 2014, 5, 1),
    (
        67,
        "risus quis diam",
        2016,
        2,
        2
    ),
    (
        68,
        "luctus felis",
        2010,
        2,
        2
    ),
    (
        69,
        "auctor odio a",
        2015,
        3,
        1
    ),
    (
        70,
        "blandit. Nam",
        2010,
        2,
        2
    ),
    (
        71,
        "imperdiet non,",
        2010,
        3,
        1
    ),
    (
        72,
        "erat. Vivamus nisi.",
        2016,
        1,
        1
    ),
    (
        73,
        "dignissim. Maecenas",
        2018,
        2,
        2
    ),
    (
        74,
        "In condimentum. Donec",
        2013,
        4,
        2
    ),
    (
        75,
        "Nulla tincidunt, neque",
        2016,
        3,
        2
    ),
    (
        76,
        "congue, elit sed",
        2013,
        4,
        2
    ),
    (77, "id,", 2016, 5, 2),
    (78, "id enim.", 2016, 5, 2),
    (
        79,
        "erat eget ipsum.",
        2014,
        4,
        2
    ),
    (
        80,
        "consectetuer",
        2015,
        2,
        1
    ),
    (81, "non sapien", 2016, 2, 1),
    (
        82,
        "ante bibendum ullamcorper.",
        2018,
        2,
        1
    ),
    (
        83,
        "aliquet lobortis,",
        2010,
        4,
        1
    ),
    (
        84,
        "Donec fringilla. Donec",
        2011,
        2,
        2
    ),
    (
        85,
        "Phasellus libero",
        2018,
        1,
        1
    ),
    (
        86,
        "velit dui, semper",
        2015,
        2,
        2
    ),
    (
        87,
        "ornare. In faucibus.",
        2018,
        5,
        2
    ),
    (
        88,
        "nibh. Donec est",
        2011,
        3,
        1
    ),
    (
        89,
        "dictum sapien. Aenean",
        2010,
        5,
        2
    ),
    (
        90,
        "ligula. Nullam",
        2012,
        2,
        1
    ),
    (
        91,
        "id, libero. Donec",
        2014,
        1,
        2
    ),
    (
        92,
        "malesuada vel,",
        2011,
        1,
        2
    ),
    (
        93,
        "nulla at sem",
        2018,
        4,
        1
    ),
    (94, "bibendum", 2014, 4, 2),
    (
        95,
        "montes, nascetur ridiculus",
        2017,
        2,
        2
    ),
    (96, "sem", 2017, 2, 1),
    (
        97,
        "diam. Sed diam",
        2016,
        5,
        2
    ),
    (98, "erat, eget", 2018, 2, 2),
    (99, "amet", 2016, 2, 1),
    (100, "habitant", 2014, 2, 1);

/*Insercao de dados tbfilme*/
INSERT INTO
    `tbfilme` (
        `cod_filme`,
        `nome_filme`,
        `cod_titulo`
    )
VALUES (1, "eu", 57),
    (2, "at,", 24),
    (3, "nec,", 17),
    (4, "eu", 14),
    (5, "Lorem", 24),
    (6, "vitae", 26),
    (7, "orci sem", 83),
    (8, "dis parturient", 31),
    (
        9,
        "tellus. Aenean egestas",
        28
    ),
    (10, "ut", 47),
    (11, "lectus convallis", 61),
    (12, "non", 72),
    (13, "tortor at", 42),
    (14, "sapien", 64),
    (15, "primis in", 89),
    (16, "lorem,", 3),
    (17, "Nunc ac", 40),
    (18, "Donec at", 91),
    (19, "in faucibus orci", 5),
    (20, "Vivamus euismod", 73),
    (21, "dolor. Quisque", 26),
    (22, "Maecenas", 14),
    (23, "feugiat. Sed nec", 1),
    (24, "leo.", 20),
    (25, "accumsan laoreet", 100),
    (26, "interdum. Sed", 86),
    (27, "interdum libero dui", 79),
    (28, "eros. Proin", 89),
    (29, "euismod in, dolor.", 29),
    (
        30,
        "enim. Etiam imperdiet",
        81
    ),
    (31, "conubia nostra,", 19),
    (32, "Fusce feugiat. Lorem", 2),
    (33, "Sed", 98),
    (34, "ultricies", 86),
    (
        35,
        "dolor. Donec fringilla.",
        14
    ),
    (36, "luctus sit", 4),
    (37, "aliquet diam.", 67),
    (38, "Donec", 30),
    (39, "at, nisi. Cum", 80),
    (
        40,
        "lorem semper auctor.",
        19
    ),
    (41, "Duis volutpat", 22),
    (42, "aliquet, metus urna", 49),
    (43, "rutrum. Fusce dolor", 99),
    (
        44,
        "scelerisque sed, sapien.",
        77
    ),
    (45, "non, cursus", 77),
    (46, "Proin nisl sem,", 13),
    (47, "ut odio", 72),
    (48, "luctus", 6),
    (49, "eleifend", 10),
    (50, "pede. Praesent eu", 27),
    (51, "suscipit, est ac", 34),
    (52, "ultrices posuere", 5),
    (53, "nec, leo.", 58),
    (54, "cursus et, eros.", 99),
    (
        55,
        "Mauris molestie pharetra",
        48
    ),
    (
        56,
        "consectetuer adipiscing",
        82
    ),
    (57, "mollis nec, cursus", 97),
    (58, "auctor. Mauris", 56),
    (59, "convallis,", 67),
    (60, "at,", 39),
    (61, "sapien. Cras", 11),
    (62, "nec, mollis vitae,", 75),
    (
        63,
        "Morbi metus. Vivamus",
        100
    ),
    (64, "ante.", 21),
    (65, "mollis", 85),
    (66, "mus. Aenean", 84),
    (67, "orci,", 34),
    (68, "convallis,", 53),
    (69, "Praesent interdum", 84),
    (70, "in felis. Nulla", 37),
    (
        71,
        "lacinia mattis. Integer",
        40
    ),
    (72, "magna, malesuada", 65),
    (73, "metus", 16),
    (
        74,
        "tristique pellentesque,",
        74
    ),
    (75, "ac turpis egestas.", 97),
    (
        76,
        "ligula. Nullam feugiat",
        33
    ),
    (77, "eros.", 22),
    (78, "eros. Proin", 35),
    (79, "Integer id", 12),
    (
        80,
        "ligula. Aenean euismod",
        34
    ),
    (81, "felis. Donec", 40),
    (82, "mi, ac", 6),
    (83, "quis massa. Mauris", 69),
    (84, "amet diam eu", 100),
    (85, "Etiam", 53),
    (86, "risus. Nunc", 51),
    (87, "Quisque fringilla", 11),
    (88, "et pede. Nunc", 35),
    (89, "eu", 42),
    (90, "augue", 58),
    (91, "gravida mauris ut", 97),
    (92, "ipsum dolor sit", 37),
    (93, "ac", 24),
    (94, "lacinia.", 47),
    (95, "et", 15),
    (96, "morbi", 92),
    (97, "interdum. Curabitur", 69),
    (98, "tempor,", 44),
    (99, "erat", 26),
    (100, "lorem, auctor", 97);

INSERT INTO
    `tbEmprestimo` (
        `data_emprestimo`,
        `data_devolucao_prevista_emprestimo`,
        `data_devolucao_efetiva_emprestimo`,
        `valor_multa_emprestimo`,
        `cod_cliente`,
        `cod_filme`
    )
VALUES (
        "2018-11-23 11:26:22",
        "2018-12-27 19:22:01",
        "2018-12-27 19:22:01",
        0,
        19,
        42
    ),
    (
        "2018-07-14 15:19:00",
        "2017-07-17 12:05:57",
        "2017-07-17 12:05:57",
        0,
        15,
        42
    ),
    (
        "2017-08-15 13:55:09",
        "2017-12-12 09:22:01",
        "2018-09-15 19:39:29",
        8,
        41,
        27
    ),
    (
        "2017-06-04 11:21:50",
        "2018-04-11 22:34:09",
        "2018-04-11 22:34:09",
        0,
        39,
        32
    ),
    (
        "2018-07-18 01:48:31",
        "2018-12-11 07:58:11",
        "2017-06-25 10:02:17",
        8,
        18,
        21
    ),
    (
        "2019-03-30 04:38:56",
        "2017-10-26 04:00:20",
        "2018-09-01 16:32:37",
        7,
        22,
        7
    ),
    (
        "2017-06-16 22:54:25",
        "2018-03-07 00:29:27",
        "2018-08-16 01:31:51",
        9,
        4,
        9
    ),
    (
        "2017-07-25 10:39:45",
        "2017-08-20 22:24:25",
        "2019-04-28 16:21:15",
        8,
        28,
        20
    ),
    (
        "2019-02-04 03:16:51",
        "2017-11-18 14:04:08",
        "2019-03-07 00:11:00",
        2,
        18,
        49
    ),
    (
        "2017-12-23 17:37:39",
        "2017-09-01 00:07:05",
        "2018-08-12 19:45:51",
        10,
        35,
        49
    ),
    (
        "2017-09-16 22:45:17",
        "2018-11-01 00:09:13",
        "2018-03-03 18:19:01",
        8,
        17,
        28
    ),
    (
        "2018-08-17 07:30:13",
        "2018-07-04 07:14:44",
        "2018-10-14 12:53:18",
        3,
        33,
        50
    ),
    (
        "2018-07-05 16:00:37",
        "2018-04-11 10:01:26",
        "2018-11-30 15:37:25",
        7,
        2,
        50
    ),
    (
        "2018-12-28 22:13:25",
        "2017-08-23 06:21:43",
        "2018-10-29 04:52:05",
        9,
        2,
        49
    ),
    (
        "2018-10-22 08:54:13",
        "2017-07-29 03:48:48",
        "2018-06-11 05:10:21",
        8,
        42,
        15
    ),
    (
        "2017-07-13 10:48:01",
        "2018-03-11 22:51:43",
        "2017-10-11 13:20:52",
        5,
        29,
        49
    ),
    (
        "2019-01-01 20:53:06",
        "2018-08-19 16:15:15",
        "2017-10-29 18:35:05",
        2,
        1,
        44
    ),
    (
        "2017-08-07 00:54:42",
        "2018-10-07 05:31:16",
        "2019-02-13 22:27:47",
        4,
        6,
        39
    ),
    (
        "2018-09-02 10:38:45",
        "2017-10-20 21:54:16",
        "2017-05-21 15:56:07",
        6,
        20,
        22
    ),
    (
        "2019-04-06 06:29:55",
        "2017-09-16 20:41:05",
        "2017-10-02 00:17:52",
        7,
        49,
        31
    ),
    (
        "2018-05-29 05:14:19",
        "2019-01-08 07:01:39",
        "2017-08-16 10:09:20",
        6,
        29,
        50
    ),
    (
        "2019-02-13 02:21:20",
        "2018-08-27 17:04:01",
        "2018-12-19 00:31:16",
        8,
        37,
        21
    ),
    (
        "2018-09-14 18:15:19",
        "2019-04-21 17:05:49",
        "2018-08-22 16:43:04",
        5,
        3,
        23
    ),
    (
        "2018-10-30 08:10:17",
        "2017-06-04 03:12:14",
        "2018-11-04 04:44:45",
        7,
        20,
        48
    ),
    (
        "2018-03-11 12:02:19",
        "2018-05-01 08:27:38",
        "2017-08-26 15:01:15",
        7,
        7,
        40
    ),
    (
        "2018-04-24 17:34:58",
        "2018-05-10 17:42:57",
        "2017-07-18 20:20:45",
        5,
        16,
        32
    ),
    (
        "2017-10-28 22:25:57",
        "2019-02-01 00:29:17",
        "2018-04-28 13:32:30",
        10,
        1,
        8
    ),
    (
        "2018-10-12 15:15:35",
        "2018-11-01 02:30:53",
        "2018-10-05 14:51:59",
        2,
        40,
        7
    ),
    (
        "2018-06-17 02:30:36",
        "2018-11-20 02:45:37",
        "2018-03-30 22:51:48",
        7,
        44,
        19
    ),
    (
        "2018-05-08 08:12:46",
        "2017-09-22 23:46:58",
        "2018-08-23 09:53:32",
        9,
        43,
        26
    ),
    (
        "2018-09-27 15:37:42",
        "2019-01-16 11:39:58",
        "2018-04-07 22:00:15",
        9,
        50,
        5
    ),
    (
        "2017-09-16 14:08:08",
        "2017-12-10 20:44:08",
        "2019-03-17 05:48:30",
        6,
        2,
        50
    ),
    (
        "2017-07-07 21:29:32",
        "2018-05-10 08:36:40",
        "2018-04-11 11:51:54",
        3,
        13,
        26
    ),
    (
        "2018-03-10 20:03:33",
        "2018-05-29 20:52:18",
        "2017-06-04 11:29:03",
        9,
        32,
        25
    ),
    (
        "2018-05-29 19:48:03",
        "2019-01-26 20:36:52",
        "2018-05-23 02:22:40",
        9,
        11,
        40
    ),
    (
        "2018-01-04 00:29:00",
        "2019-04-03 18:48:06",
        "2018-08-18 11:23:12",
        9,
        22,
        27
    ),
    (
        "2019-03-02 04:20:48",
        "2018-09-04 07:12:04",
        "2018-09-04 07:12:04",
        0,
        38,
        15
    ),
    (
        "2019-01-12 21:32:15",
        "2017-11-06 15:54:47",
        "2017-05-24 12:58:26",
        9,
        24,
        20
    ),
    (
        "2018-03-31 06:56:14",
        "2018-02-02 04:15:08",
        "2018-08-15 08:13:47",
        5,
        8,
        26
    ),
    (
        "2017-05-09 15:47:20",
        "2017-11-25 18:50:19",
        "2018-03-30 14:13:56",
        1,
        27,
        49
    ),
    (
        "2019-04-15 14:09:24",
        "2017-05-13 11:12:28",
        "2017-05-13 11:12:28",
        0,
        10,
        15
    ),
    (
        "2018-10-21 01:11:29",
        "2018-10-15 23:02:09",
        "2018-08-23 05:32:35",
        6,
        42,
        31
    ),
    (
        "2017-12-13 10:14:47",
        "2018-08-15 17:45:01",
        "2019-02-28 16:45:19",
        5,
        20,
        9
    ),
    (
        "2017-12-02 12:08:16",
        "2019-04-13 22:17:22",
        "2019-03-17 16:18:38",
        5,
        41,
        33
    ),
    (
        "2017-08-06 12:21:19",
        "2018-01-10 07:27:51",
        "2017-09-29 10:59:08",
        3,
        41,
        33
    ),
    (
        "2017-11-10 05:59:38",
        "2017-09-25 03:36:38",
        "2019-04-07 03:53:22",
        7,
        20,
        17
    ),
    (
        "2017-10-12 03:59:18",
        "2017-10-12 13:05:21",
        "2018-12-17 10:11:38",
        3,
        17,
        34
    ),
    (
        "2017-06-28 07:38:59",
        "2018-04-06 21:10:22",
        "2017-07-10 19:52:24",
        3,
        36,
        37
    ),
    (
        "2019-02-17 03:47:25",
        "2018-10-15 14:19:43",
        "2018-03-09 20:09:11",
        10,
        28,
        2
    ),
    (
        "2018-06-10 08:33:43",
        "2018-09-22 17:41:29",
        "2017-12-28 07:56:53",
        3,
        36,
        44
    ),
    (
        "2019-02-21 10:21:21",
        "2019-02-16 20:12:08",
        "2017-07-23 04:03:02",
        8,
        24,
        24
    ),
    (
        "2019-01-04 00:29:55",
        "2017-05-25 03:12:07",
        "2018-02-20 20:19:01",
        1,
        32,
        28
    ),
    (
        "2019-02-26 04:19:49",
        "2018-07-24 03:53:04",
        "2017-11-29 01:44:46",
        4,
        20,
        3
    ),
    (
        "2018-03-08 21:56:45",
        "2018-05-21 12:00:39",
        "2018-07-14 19:04:35",
        2,
        14,
        4
    ),
    (
        "2019-02-20 11:36:06",
        "2017-09-05 12:36:39",
        "2017-10-03 15:12:06",
        10,
        40,
        36
    ),
    (
        "2017-05-04 22:12:28",
        "2019-02-08 08:35:50",
        "2019-02-27 07:22:54",
        7,
        41,
        41
    ),
    (
        "2018-11-20 19:44:26",
        "2019-04-14 21:21:52",
        "2018-06-28 16:52:47",
        3,
        43,
        26
    ),
    (
        "2018-04-23 13:27:19",
        "2018-02-01 06:06:22",
        "2018-09-12 13:59:19",
        8,
        23,
        20
    ),
    (
        "2019-04-13 02:16:07",
        "2019-01-11 15:08:51",
        "2018-10-08 22:58:38",
        6,
        16,
        46
    ),
    (
        "2017-08-03 19:42:11",
        "2019-01-11 23:08:36",
        "2018-08-22 17:43:15",
        6,
        14,
        30
    ),
    (
        "2019-02-01 14:16:52",
        "2018-10-05 12:57:33",
        "2018-12-26 13:52:38",
        3,
        2,
        46
    ),
    (
        "2019-04-25 14:53:19",
        "2017-07-11 01:05:01",
        "2018-11-21 09:44:49",
        3,
        43,
        34
    ),
    (
        "2018-03-21 10:38:16",
        "2018-08-18 11:49:53",
        "2018-09-12 17:37:17",
        3,
        23,
        10
    ),
    (
        "2017-09-06 13:42:05",
        "2017-10-19 16:11:28",
        "2017-11-28 15:00:37",
        8,
        2,
        31
    ),
    (
        "2018-04-25 18:22:14",
        "2017-10-16 05:37:50",
        "2017-05-08 23:39:23",
        6,
        37,
        21
    ),
    (
        "2017-11-18 23:37:45",
        "2017-09-23 05:20:10",
        "2017-07-23 18:24:13",
        5,
        25,
        27
    ),
    (
        "2019-03-14 08:42:28",
        "2019-04-26 11:14:29",
        "2018-05-24 02:31:46",
        8,
        31,
        12
    ),
    (
        "2017-08-25 02:20:40",
        "2017-08-08 21:49:07",
        "2017-07-30 05:50:14",
        10,
        12,
        46
    ),
    (
        "2017-10-06 15:44:41",
        "2019-04-17 19:27:40",
        "2018-06-30 13:49:12",
        1,
        14,
        31
    ),
    (
        "2017-09-05 15:41:28",
        "2018-07-19 23:55:39",
        "2019-01-12 20:02:37",
        7,
        12,
        48
    ),
    (
        "2018-09-25 22:32:33",
        "2018-01-19 13:20:53",
        "2019-04-30 07:53:19",
        2,
        50,
        3
    ),
    (
        "2018-01-24 19:23:52",
        "2017-08-27 04:35:22",
        "2018-04-11 08:47:15",
        10,
        34,
        11
    ),
    (
        "2018-12-11 14:09:48",
        "2018-01-12 01:23:56",
        "2018-10-09 03:04:02",
        6,
        49,
        11
    ),
    (
        "2018-03-02 04:22:31",
        "2017-07-08 04:05:29",
        "2019-03-09 04:56:05",
        1,
        44,
        24
    ),
    (
        "2019-05-01 21:51:36",
        "2017-08-05 12:05:30",
        "2018-09-10 08:56:12",
        9,
        45,
        23
    ),
    (
        "2018-03-05 18:35:47",
        "2019-03-16 03:30:53",
        "2019-03-04 19:58:50",
        6,
        34,
        39
    ),
    (
        "2019-04-27 15:55:05",
        "2018-04-29 07:54:29",
        "2017-09-05 03:57:04",
        1,
        29,
        1
    ),
    (
        "2018-09-24 20:43:48",
        "2018-09-11 21:10:28",
        "2017-09-01 17:47:39",
        8,
        44,
        1
    ),
    (
        "2018-02-20 15:28:43",
        "2018-09-23 15:43:14",
        "2017-05-28 02:53:44",
        5,
        5,
        41
    ),
    (
        "2018-01-11 14:49:14",
        "2017-12-22 04:00:01",
        "2017-05-06 16:39:01",
        6,
        11,
        39
    ),
    (
        "2019-04-26 13:52:26",
        "2018-04-08 05:10:28",
        "2018-07-11 16:05:09",
        10,
        17,
        23
    ),
    (
        "2018-01-16 20:08:06",
        "2018-12-09 18:46:59",
        "2018-10-23 14:18:20",
        7,
        32,
        46
    ),
    (
        "2019-02-18 17:06:08",
        "2018-09-23 01:44:06",
        "2018-01-31 04:22:17",
        9,
        22,
        4
    ),
    (
        "2017-05-24 20:43:45",
        "2017-10-28 00:27:46",
        "2017-12-12 02:39:38",
        5,
        30,
        20
    ),
    (
        "2018-04-25 06:33:16",
        "2018-05-28 23:28:39",
        "2017-12-16 23:44:05",
        8,
        46,
        45
    ),
    (
        "2018-06-19 00:51:54",
        "2018-04-27 20:47:15",
        "2017-05-12 23:58:08",
        10,
        10,
        48
    ),
    (
        "2017-09-05 21:34:42",
        "2018-04-17 13:48:59",
        "2017-10-21 01:49:37",
        8,
        8,
        25
    ),
    (
        "2018-01-15 12:24:39",
        "2017-10-25 08:02:18",
        "2018-06-12 07:48:32",
        5,
        3,
        5
    ),
    (
        "2018-12-27 23:43:33",
        "2018-10-30 00:43:17",
        "2018-10-30 00:43:17",
        0,
        35,
        10
    ),
    (
        "2019-04-12 07:08:41",
        "2019-04-21 16:06:43",
        "2017-11-13 22:34:58",
        7,
        48,
        23
    ),
    (
        "2017-07-21 02:48:42",
        "2017-10-21 22:23:19",
        "2018-02-28 10:09:12",
        10,
        13,
        2
    ),
    (
        "2017-07-06 06:28:40",
        "2018-05-13 06:30:42",
        "2018-02-22 21:25:04",
        4,
        6,
        33
    ),
    (
        "2018-07-14 18:27:53",
        "2018-03-13 11:51:09",
        "2019-03-18 21:28:46",
        1,
        1,
        43
    ),
    (
        "2019-02-03 06:23:52",
        "2017-09-06 23:05:36",
        "2017-12-11 07:56:49",
        9,
        20,
        22
    ),
    (
        "2019-04-12 22:26:06",
        "2017-09-17 02:06:20",
        "2017-05-14 12:48:51",
        3,
        15,
        34
    ),
    (
        "2018-10-02 09:24:01",
        "2018-09-27 01:51:21",
        "2018-02-24 13:10:28",
        10,
        3,
        9
    ),
    (
        "2018-02-16 06:50:51",
        "2017-06-19 01:12:06",
        "2018-08-31 03:06:13",
        9,
        9,
        35
    ),
    (
        "2017-07-03 06:55:00",
        "2017-10-27 05:02:23",
        "2018-08-08 20:05:02",
        6,
        47,
        13
    ),
    (
        "2018-11-19 13:40:33",
        "2017-10-07 17:49:18",
        "2018-01-21 08:21:27",
        5,
        48,
        44
    ),
    (
        "2018-02-21 19:29:01",
        "2018-04-17 00:29:47",
        "2018-04-17 00:29:47",
        0,
        39,
        34
    );

INSERT INTO
    `tbEmprestimo` (
        `data_emprestimo`,
        `data_devolucao_prevista_emprestimo`,
        `data_devolucao_efetiva_emprestimo`,
        `valor_multa_emprestimo`,
        `cod_cliente`,
        `cod_filme`
    )
VALUES (
        "2018-05-10 01:23:19",
        "2018-10-24 12:37:08",
        "2018-05-01 22:25:54",
        1,
        86,
        95
    ),
    (
        "2018-04-20 10:11:17",
        "2017-07-12 10:31:03",
        "2018-10-29 01:53:55",
        7,
        80,
        92
    ),
    (
        "2017-07-23 16:17:38",
        "2019-04-17 15:36:12",
        "2017-06-01 03:42:39",
        7,
        75,
        52
    ),
    (
        "2018-09-09 21:09:56",
        "2017-08-16 15:10:17",
        "2018-07-14 10:11:26",
        2,
        51,
        63
    ),
    (
        "2017-11-23 17:11:14",
        "2018-10-23 23:08:58",
        "2017-09-28 10:21:14",
        4,
        64,
        51
    ),
    (
        "2018-12-07 21:28:26",
        "2018-03-28 06:49:00",
        "2018-05-03 06:51:39",
        7,
        93,
        88
    ),
    (
        "2018-01-03 09:38:18",
        "2017-12-03 13:50:05",
        "2019-01-09 01:43:38",
        10,
        82,
        74
    ),
    (
        "2018-02-05 11:29:17",
        "2017-12-07 14:41:24",
        "2017-08-13 02:26:44",
        9,
        73,
        90
    ),
    (
        "2018-06-18 04:50:11",
        "2019-02-09 11:02:30",
        "2017-07-17 04:41:42",
        2,
        69,
        65
    ),
    (
        "2018-01-12 03:21:27",
        "2018-05-20 14:43:10",
        "2019-01-28 21:00:03",
        6,
        95,
        73
    ),
    (
        "2018-06-22 04:57:44",
        "2018-03-03 15:11:28",
        "2017-12-16 10:37:48",
        10,
        87,
        55
    ),
    (
        "2018-11-29 09:19:51",
        "2018-12-19 07:42:23",
        "2018-11-29 09:24:28",
        2,
        75,
        52
    ),
    (
        "2018-10-25 16:29:13",
        "2017-10-23 00:25:15",
        "2018-06-01 07:09:45",
        8,
        72,
        63
    ),
    (
        "2017-10-28 23:32:55",
        "2017-09-25 01:06:05",
        "2018-07-04 07:59:19",
        1,
        74,
        62
    ),
    (
        "2018-03-06 10:40:27",
        "2019-04-16 13:11:18",
        "2018-04-11 04:13:26",
        4,
        55,
        69
    ),
    (
        "2019-04-29 06:29:26",
        "2018-01-29 21:04:38",
        "2018-03-20 12:44:35",
        3,
        60,
        86
    ),
    (
        "2017-08-20 21:15:41",
        "2019-03-21 16:39:50",
        "2018-10-19 08:15:49",
        4,
        77,
        96
    ),
    (
        "2018-12-30 02:08:00",
        "2018-10-11 20:39:42",
        "2018-10-19 22:24:07",
        8,
        85,
        80
    ),
    (
        "2017-11-26 21:19:33",
        "2018-10-29 21:02:21",
        "2017-11-01 15:24:23",
        4,
        76,
        76
    ),
    (
        "2018-01-07 12:00:03",
        "2017-07-29 11:24:44",
        "2017-05-11 23:29:10",
        10,
        53,
        76
    ),
    (
        "2017-11-28 04:02:33",
        "2018-09-22 06:19:03",
        "2019-02-13 00:06:44",
        5,
        50,
        82
    ),
    (
        "2018-09-01 22:01:23",
        "2018-03-03 22:04:31",
        "2018-07-10 03:30:19",
        6,
        71,
        76
    ),
    (
        "2017-11-08 10:27:28",
        "2017-10-29 17:15:56",
        "2018-10-31 03:00:50",
        4,
        86,
        86
    ),
    (
        "2018-07-13 03:59:53",
        "2018-02-20 05:03:02",
        "2018-06-01 14:48:58",
        3,
        90,
        71
    ),
    (
        "2018-08-10 11:50:44",
        "2018-01-08 20:56:53",
        "2018-03-14 03:41:58",
        5,
        84,
        77
    ),
    (
        "2017-05-16 00:05:26",
        "2017-06-10 03:14:25",
        "2019-02-27 04:08:21",
        7,
        64,
        70
    ),
    (
        "2017-07-04 13:23:47",
        "2018-09-27 23:10:04",
        "2018-12-17 16:40:31",
        5,
        55,
        96
    ),
    (
        "2017-06-21 14:49:32",
        "2018-07-03 03:04:42",
        "2019-03-12 07:15:26",
        4,
        58,
        56
    ),
    (
        "2018-03-07 10:09:28",
        "2018-04-17 02:28:12",
        "2018-08-04 00:47:48",
        4,
        99,
        71
    ),
    (
        "2017-06-04 21:53:59",
        "2018-09-30 14:26:08",
        "2018-03-08 12:50:16",
        5,
        96,
        78
    ),
    (
        "2018-12-19 21:56:41",
        "2017-07-18 05:29:19",
        "2018-01-11 18:11:17",
        4,
        86,
        69
    ),
    (
        "2017-10-11 00:17:10",
        "2017-05-26 04:43:58",
        "2018-12-17 04:16:38",
        4,
        66,
        85
    ),
    (
        "2018-04-10 02:14:17",
        "2018-08-03 22:06:34",
        "2018-11-25 10:48:04",
        10,
        88,
        96
    ),
    (
        "2018-12-01 10:04:37",
        "2017-11-25 07:44:20",
        "2017-10-23 03:34:32",
        10,
        69,
        59
    ),
    (
        "2017-11-25 09:00:06",
        "2018-04-04 09:04:54",
        "2018-06-30 05:08:57",
        4,
        50,
        57
    ),
    (
        "2018-06-10 22:30:13",
        "2018-07-23 15:02:40",
        "2017-08-27 02:46:43",
        8,
        71,
        86
    ),
    (
        "2018-05-20 11:36:40",
        "2017-05-03 00:50:55",
        "2018-06-03 05:09:30",
        2,
        67,
        98
    ),
    (
        "2017-09-03 17:25:47",
        "2019-04-21 16:17:47",
        "2018-04-03 18:28:53",
        1,
        59,
        94
    ),
    (
        "2018-11-19 13:24:16",
        "2017-05-23 20:19:37",
        "2018-12-30 14:02:20",
        10,
        74,
        58
    ),
    (
        "2017-06-30 22:32:33",
        "2017-09-22 05:53:33",
        "2018-04-22 11:44:45",
        4,
        65,
        60
    ),
    (
        "2017-12-10 00:03:59",
        "2018-08-21 08:17:29",
        "2017-08-01 02:22:49",
        4,
        59,
        80
    ),
    (
        "2019-02-18 18:33:00",
        "2017-08-31 23:16:25",
        "2019-01-12 18:36:09",
        2,
        74,
        62
    ),
    (
        "2018-01-06 22:50:27",
        "2018-12-15 04:09:54",
        "2018-07-16 10:44:16",
        9,
        71,
        70
    ),
    (
        "2018-01-10 02:16:50",
        "2018-11-17 10:14:33",
        "2018-01-17 09:57:33",
        3,
        54,
        95
    ),
    (
        "2018-07-24 18:19:33",
        "2018-05-24 21:10:56",
        "2018-05-23 07:20:48",
        5,
        100,
        96
    ),
    (
        "2018-02-02 09:43:41",
        "2018-12-11 15:56:34",
        "2018-01-18 01:56:15",
        10,
        99,
        94
    ),
    (
        "2017-12-16 04:37:21",
        "2017-05-19 14:00:15",
        "2018-05-18 16:59:10",
        8,
        95,
        70
    ),
    (
        "2017-05-28 09:36:09",
        "2019-03-14 15:08:47",
        "2018-10-13 21:18:45",
        8,
        53,
        92
    ),
    (
        "2018-08-17 02:32:40",
        "2018-05-25 08:52:25",
        "2017-08-26 19:41:28",
        7,
        83,
        94
    ),
    (
        "2018-08-13 06:27:10",
        "2019-01-26 22:24:10",
        "2018-08-18 11:16:01",
        3,
        63,
        98
    ),
    (
        "2018-01-29 10:53:28",
        "2019-01-02 22:34:18",
        "2018-02-25 13:19:40",
        2,
        89,
        90
    ),
    (
        "2019-02-08 18:46:43",
        "2018-05-19 18:27:59",
        "2017-10-06 16:22:17",
        3,
        88,
        59
    ),
    (
        "2019-03-10 07:16:46",
        "2017-08-06 20:00:01",
        "2018-11-27 23:40:24",
        4,
        77,
        57
    ),
    (
        "2018-08-08 14:03:00",
        "2018-11-21 02:04:08",
        "2017-11-25 08:39:11",
        6,
        58,
        94
    ),
    (
        "2018-05-05 10:42:38",
        "2018-02-26 13:30:08",
        "2018-11-13 00:48:22",
        10,
        81,
        66
    ),
    (
        "2018-07-28 09:46:01",
        "2019-03-11 08:56:17",
        "2019-04-14 01:41:07",
        8,
        83,
        50
    ),
    (
        "2018-04-07 13:00:56",
        "2018-01-24 09:48:00",
        "2017-11-23 22:15:17",
        9,
        70,
        57
    ),
    (
        "2018-03-13 10:26:25",
        "2018-10-24 09:45:25",
        "2018-02-24 00:14:10",
        7,
        90,
        57
    ),
    (
        "2017-10-04 20:49:50",
        "2018-09-24 00:44:20",
        "2019-03-24 02:19:12",
        10,
        82,
        73
    ),
    (
        "2018-12-06 22:41:01",
        "2017-09-04 18:36:27",
        "2018-05-21 02:58:31",
        3,
        100,
        54
    ),
    (
        "2018-08-17 18:32:06",
        "2017-12-15 02:59:06",
        "2017-11-15 03:07:33",
        8,
        50,
        90
    ),
    (
        "2018-02-02 23:46:39",
        "2019-01-06 10:18:18",
        "2017-11-04 07:31:41",
        1,
        72,
        62
    ),
    (
        "2018-02-23 08:26:13",
        "2018-03-30 06:58:11",
        "2018-08-10 07:18:01",
        9,
        64,
        94
    ),
    (
        "2017-06-24 04:33:30",
        "2017-06-17 04:22:26",
        "2019-01-02 19:07:18",
        4,
        64,
        60
    ),
    (
        "2018-06-30 23:27:54",
        "2018-08-17 02:33:56",
        "2017-12-25 19:44:31",
        2,
        79,
        99
    ),
    (
        "2017-09-19 23:42:19",
        "2019-04-09 01:13:49",
        "2017-08-22 10:25:08",
        8,
        65,
        99
    ),
    (
        "2018-07-25 12:29:30",
        "2018-02-17 04:34:00",
        "2018-08-27 09:48:36",
        5,
        54,
        78
    ),
    (
        "2018-07-01 21:44:44",
        "2018-10-09 00:14:51",
        "2017-09-15 08:37:12",
        8,
        63,
        55
    ),
    (
        "2017-05-14 14:49:04",
        "2018-11-30 00:51:39",
        "2019-01-14 19:22:33",
        5,
        91,
        69
    ),
    (
        "2018-08-05 01:26:23",
        "2017-11-22 05:58:45",
        "2018-01-11 22:42:26",
        3,
        78,
        56
    ),
    (
        "2017-11-27 06:59:38",
        "2019-03-23 13:22:20",
        "2019-01-28 14:19:47",
        4,
        100,
        93
    ),
    (
        "2017-08-28 09:56:17",
        "2019-03-24 09:03:16",
        "2018-11-21 17:07:39",
        8,
        96,
        69
    ),
    (
        "2019-02-24 01:39:42",
        "2017-05-30 15:47:54",
        "2018-06-22 06:39:49",
        9,
        50,
        92
    ),
    (
        "2019-01-14 13:58:08",
        "2018-12-25 20:59:09",
        "2017-12-11 10:51:22",
        10,
        72,
        86
    ),
    (
        "2017-06-01 19:29:59",
        "2017-09-16 22:25:30",
        "2017-10-02 22:37:01",
        2,
        95,
        79
    ),
    (
        "2018-07-06 20:57:23",
        "2019-03-07 21:28:44",
        "2017-10-14 17:43:26",
        5,
        94,
        75
    ),
    (
        "2017-08-19 00:48:30",
        "2018-07-24 17:19:23",
        "2018-07-13 07:32:33",
        10,
        81,
        55
    ),
    (
        "2019-02-01 09:58:52",
        "2017-07-02 18:06:09",
        "2018-01-11 23:33:10",
        10,
        90,
        60
    ),
    (
        "2017-09-21 09:58:32",
        "2017-08-06 12:15:21",
        "2017-09-05 08:17:24",
        3,
        53,
        50
    ),
    (
        "2018-09-23 08:58:44",
        "2017-09-03 20:40:19",
        "2018-03-18 14:48:36",
        2,
        80,
        83
    ),
    (
        "2017-08-20 13:51:45",
        "2017-05-21 19:56:30",
        "2018-04-05 18:10:32",
        9,
        59,
        66
    ),
    (
        "2018-07-07 12:00:12",
        "2019-04-06 22:32:55",
        "2018-03-27 07:08:12",
        8,
        91,
        92
    ),
    (
        "2018-09-01 11:04:50",
        "2018-08-05 09:19:39",
        "2017-10-01 04:30:09",
        9,
        75,
        69
    ),
    (
        "2017-11-19 18:26:54",
        "2018-12-28 11:41:22",
        "2019-01-03 06:18:39",
        5,
        61,
        70
    ),
    (
        "2018-11-09 05:54:10",
        "2017-10-24 05:07:23",
        "2019-04-25 18:16:41",
        3,
        62,
        90
    ),
    (
        "2017-12-28 10:11:12",
        "2017-11-03 16:33:06",
        "2018-12-15 05:58:54",
        4,
        73,
        83
    ),
    (
        "2017-09-29 01:35:49",
        "2019-02-08 10:34:16",
        "2019-03-01 05:09:00",
        8,
        73,
        100
    ),
    (
        "2019-03-02 08:51:12",
        "2018-08-08 11:50:45",
        "2018-11-19 01:39:04",
        3,
        53,
        65
    ),
    (
        "2018-06-13 07:58:53",
        "2018-06-10 13:47:02",
        "2018-05-13 09:25:01",
        7,
        91,
        60
    ),
    (
        "2018-12-20 21:10:46",
        "2018-05-26 10:51:27",
        "2018-08-04 01:04:58",
        1,
        65,
        57
    ),
    (
        "2018-10-04 02:29:40",
        "2018-12-26 07:46:44",
        "2019-03-26 03:07:36",
        5,
        65,
        51
    ),
    (
        "2017-08-17 15:43:44",
        "2019-03-26 03:06:53",
        "2017-05-25 20:57:08",
        6,
        100,
        62
    ),
    (
        "2019-01-05 16:04:42",
        "2018-06-25 17:52:44",
        "2017-11-24 18:42:41",
        10,
        87,
        64
    ),
    (
        "2017-09-10 03:00:11",
        "2018-05-11 21:36:10",
        "2017-07-07 13:09:27",
        1,
        73,
        74
    ),
    (
        "2018-05-31 03:20:46",
        "2019-03-01 06:06:22",
        "2018-10-18 11:05:51",
        3,
        65,
        100
    ),
    (
        "2019-02-11 16:30:55",
        "2018-10-28 20:41:05",
        "2018-08-06 11:22:38",
        1,
        64,
        60
    ),
    (
        "2017-12-18 14:13:36",
        "2018-10-04 11:17:08",
        "2018-04-29 20:07:37",
        8,
        99,
        79
    ),
    (
        "2017-05-12 10:58:05",
        "2018-03-16 19:26:49",
        "2017-05-18 16:43:34",
        5,
        63,
        84
    ),
    (
        "2019-03-10 19:37:55",
        "2018-05-27 18:37:34",
        "2017-06-04 15:43:39",
        1,
        88,
        53
    ),
    (
        "2018-07-18 04:48:10",
        "2018-12-26 08:54:51",
        "2017-12-24 21:33:12",
        1,
        79,
        98
    );